module,extrinsic,tx_fee_with_decimal,tx_fee_without_decimal,fee_multiplier
frame_system,remark-length=32,5298830572860000,0.00529883057286,0.0002
frame_system,remark-length=64,5298830572860000,0.00529883057286,0.0002
frame_system,set_heap_pages,5051141460000000,0.00505114146,0.0002
frame_system,set_code,10298700000000000,0.0102987,0.0002
frame_system,set_code_without_checks,10298700000000000,0.0102987,0.0002
frame_system,set_storage,5639768311780000,0.00563976831178,0.0002
frame_system,kill_storage,5640752394480000,0.00564075239448,0.0002
frame_system,kill_prefix,5347866901860000,0.00534786690186,0.0002
frame_system,remark_with_event-length=32,5299125157360000,0.00529912515736,0.0002
frame_system,remark_with_event-length=64,5299125157360000,0.00529912515736,0.0002
pallet_treasury,propose_spend,5311276620000000,0.00531127662,0.0002
pallet_treasury,reject_proposal,4981698420000000,0.00498169842,0.0002
pallet_treasury,approve_proposal,4980450907360000,0.00498045090736,0.0002
pallet_treasury,spend,5308702160000000,0.00530870216,0.0002
pallet_treasury,remove_approval,4980050160000000,0.00498005016,0.0002
pallet_timestamp,set,4980035850000000,0.00498003585,0.0002
pallet_preimage,note_preimage-length=32,5301296427280000,0.00530129642728,0.0002
pallet_preimage,note_preimage-length=32,5631297364560000,0.00563129736456,0.0002
pallet_preimage,unnote_preimage,5291382510000000,0.00529138251,0.0002
pallet_preimage,request_preimage,5290247100000000,0.0052902471,0.0002
pallet_preimage,unrequest_preimage,5291241490000000,0.00529124149,0.0002
pallet_multisig,as_multi_threshold_1,5642687391770000,0.00564268739177,0.0002
pallet_multisig,as_multi,5691638551760000,0.00569163855176,0.0002
pallet_multisig,approve_as_multi,5670582089910000,0.00567058208991,0.0002
pallet_multisig,cancel_as_multi,5720320808640000,0.00572032080864,0.0002
pallet_membership,add_member,5299200000000000,0.0052992,0.0002
pallet_membership,remove_member,5299200000000000,0.0052992,0.0002
pallet_membership,swap_member,5629200000000000,0.0056292,0.0002
pallet_membership,reset_members,5619200000000000,0.0056192,0.0002
pallet_membership,change_key,5299200000000000,0.0052992,0.0002
pallet_membership,set_prime,5299200000000000,0.0052992,0.0002
pallet_membership,clear_prime,4969200000000000,0.0049692,0.0002
pallet_democracy,propose,5032995490000000,0.00503299549,0.0002
pallet_democracy,second,4980429690000000,0.00498042969,0.0002
pallet_democracy,vote,5163085350000000,0.00516308535,0.0002
pallet_democracy,emergency_cancel,5011444130000000,0.00501144413,0.0002
pallet_democracy,external_propose,5020387100000000,0.0050203871,0.0002
pallet_democracy,external_propose_majority,5019756720000000,0.00501975672,0.0002
pallet_democracy,external_propose_default,5019752840000000,0.00501975284,0.0002
pallet_democracy,fast_track,5372440150000000,0.00537244015,0.0002
pallet_democracy,veto_external,5291500590000000,0.00529150059,0.0002
pallet_democracy,cancel_referendum,4979852690000000,0.00497985269,0.0002
pallet_democracy,delegate,5603062813470000,0.00560306281347,0.0002
pallet_democracy,undelegate,5100351366490000,0.00510035136649,0.0002
pallet_democracy,clear_public_proposals,4969756230000000,0.00496975623,0.0002
pallet_democracy,unlock,5302924337590000,0.00530292433759,0.0002
pallet_democracy,remove_vote,5011535981420000,0.00501153598142,0.0002
pallet_democracy,remove_other_vote,5341539914110000,0.00534153991411,0.0002
pallet_democracy,blacklist,5346852900000000,0.0053468529,0.0002
pallet_democracy,cancel_proposal,4983209950000000,0.00498320995,0.0002
pallet_collective,set_members,6125589740880000,0.00612558974088,0.0002
pallet_collective,execute,5013692878910000,0.00501369287891,0.0002
pallet_collective,propose,5024233103700000,0.0050242331037,0.0002
pallet_collective,vote,5310644751780000,0.00531064475178,0.0002
pallet_collective,close,5333665390400000,0.0053336653904,0.0002
pallet_collective,disapprove_proposal,5292362275140000,0.00529236227514,0.0002
cumulus_pallet_xcmp_queue,service_overweight,5128710000640000,0.00512871000064,0.0002
cumulus_pallet_xcmp_queue,suspend_xcm_execution,4969700000000000,0.0049697,0.0002
cumulus_pallet_xcmp_queue,resume_xcm_execution,4969700000000000,0.0049697,0.0002
cumulus_pallet_xcmp_queue,update_suspend_threshold,5010028100000000,0.0050100281,0.0002
cumulus_pallet_xcmp_queue,update_drop_threshold,5010028100000000,0.0050100281,0.0002
cumulus_pallet_xcmp_queue,update_resume_threshold,5010028100000000,0.0050100281,0.0002
cumulus_pallet_xcmp_queue,update_threshold_weight,5050027260000000,0.00505002726,0.0002
cumulus_pallet_xcmp_queue,update_weight_restrict_decay,5050027260000000,0.00505002726,0.0002
cumulus_pallet_xcmp_queue,update_xcmp_max_individual_weight,5050027260000000,0.00505002726,0.0002
orml_xtokens,transfer,5338700000000000,0.0053387,0.0002
orml_xtokens,transfer_multiasset,5148700000000000,0.0051487,0.0002
orml_xtokens,transfer_with_fee,5498700000000000,0.0054987,0.0002
orml_xtokens,transfer_multiasset_with_fee,5288700000000000,0.0052887,0.0002
orml_xtokens,transfer_multicurrencies,5718700000000000,0.0057187,0.0002
orml_xtokens,transfer_multiassets,5198700000000000,0.0051987,0.0002
manta_collator_selection,set_invulnerables,5299848067980000,0.00529984806798,0.0002
manta_collator_selection,set_desired_candidates,5009882270000000,0.00500988227,0.0002
manta_collator_selection,set_candidacy_bond,5129857460000000,0.00512985746,0.0002
manta_collator_selection,register_as_candidate,4971618918340000,0.00497161891834,0.0002
manta_collator_selection,register_candidate,5291620903510000,0.00529162090351,0.0002
manta_collator_selection,leave_intent,4970431577860000,0.00497043157786,0.0002
manta_collator_selection,remove_collator,5290704365720000,0.00529070436572,0.0002
manta_collator_selection,set_eviction_baseline,4979850280000000,0.00497985028,0.0002
manta_collator_selection,set_eviction_tolerance,4979848820000000,0.00497984882,0.0002
pallet_asset_manager,register_asset,5316306990000000,0.00531630699,0.0002
pallet_asset_manager,update_asset_location,5015656650000000,0.00501565665,0.0002
pallet_asset_manager,update_asset_metadata,5442385420000000,0.00544238542,0.0002
pallet_asset_manager,set_units_per_second,4990541700000000,0.0049905417,0.0002
pallet_asset_manager,mint_asset,5462491600000000,0.0054624916,0.0002
pallet_asset_manager,set_min_xcm_fee,5010184700000000,0.0050101847,0.0002
pallet_asset_manager,update_outgoing_filtered_assets,5010180010000000,0.00501018001,0.0002
pallet_asset_manager,register_lp_asset,5606862120000000,0.00560686212,0.0002
pallet_assets,create,5620165170000000,0.00562016517,0.0002
pallet_assets,force_create,5480155780000000,0.00548015578,0.0002
pallet_assets,start_destroy,5130165640000000,0.00513016564,0.0002
pallet_assets,destroy_accounts,7789942740000000,0.00778994274,0.0002
pallet_assets,destroy_approvals,6460649080000000,0.00646064908,0.0002
pallet_assets,finish_destroy,5130603750000000,0.00513060375,0.0002
pallet_assets,mint,5471567870000000,0.00547156787,0.0002
pallet_assets,burn,5471639510000000,0.00547163951,0.0002
pallet_assets,transfer,5474286510000000,0.00547428651,0.0002
pallet_assets,transfer_keep_alive,5474205220000000,0.00547420522,0.0002
pallet_assets,force_transfer,5804287650000000,0.00580428765,0.0002
pallet_assets,freeze,5460457860000000,0.00546045786,0.0002
pallet_assets,thaw,5460477080000000,0.00546047708,0.0002
pallet_assets,freeze_asset,5130168740000000,0.00513016874,0.0002
pallet_assets,thaw_asset,5130166230000000,0.00513016623,0.0002
pallet_assets,transfer_ownership,5460437680000000,0.00546043768,0.0002
pallet_assets,set_team,6120164660000000,0.00612016466,0.0002
pallet_assets,set_metadata,5800456368310000,0.00580045636831,0.0002
pallet_assets,clear_metadata,5130461700000000,0.0051304617,0.0002
pallet_assets,force_set_metadata,5810462369050000,0.00581046236905,0.0002
pallet_assets,force_clear_metadata,5130460480000000,0.00513046048,0.0002
pallet_assets,force_asset_status,6480158970000000,0.00648015897,0.0002
pallet_assets,approve_transfer,5471485470000000,0.00547148547,0.0002
pallet_assets,cancel_approval,5461511900000000,0.0054615119,0.0002
pallet_assets,force_cancel_approval,5791518790000000,0.00579151879,0.0002
pallet_assets,transfer_approved,5805591880000000,0.00580559188,0.0002
pallet_assets,touch,5131567870000000,0.00513156787,0.0002
pallet_assets,refund,5141567870000000,0.00514156787,0.0002
pallet_author_inherent,kick_off_authorship_validation,4970880300000000,0.0049708803,0.0002
pallet_balances,transfer-1,5310446670000000,0.00531044667,0.0002
pallet_balances,transfer-1000_000,5340446670000000,0.00534044667,0.0002
pallet_balances,set_balance,5320247880000000,0.00532024788,0.0002
pallet_balances,force_transfer,5641680230000000,0.00564168023,0.0002
pallet_balances,transfer_keep_alive-1,5310312570000000,0.00531031257,0.0002
pallet_balances,transfer_keep_alive-1000_000,5340312570000000,0.00534031257,0.0002
pallet_balances,transfer_all,5310349270000000,0.00531034927,0.0002
pallet_balances,force_unreserve,5460168470000000,0.00546016847,0.0002
pallet_manta_pay,to_private,6722688280000000,0.00672268828,0.0002
pallet_manta_pay,private_transfer,7040982200000000,0.0070409822,0.0002
pallet_manta_pay,to_public,6858627160000000,0.00685862716,0.0002
pallet_manta_pay,public_transfer,5773112270000000,0.00577311227,0.0002
pallet_manta_sbt,to_private,6759176550000000,0.00675917655,0.0002
pallet_manta_sbt,force_to_private,7087417100000000,0.0070874171,0.0002
pallet_manta_sbt,reserve_sbt,4983262060000000,0.00498326206,0.0002
pallet_manta_sbt,allowlist_evm_account,5212282760000000,0.00521228276,0.0002
pallet_manta_sbt,set_next_sbt_id,5139864870000000,0.00513986487,0.0002
pallet_manta_sbt,remove_allowlist_evm_account,5209883220000000,0.00520988322,0.0002
pallet_manta_sbt,change_free_reserve_account,5300061790000000,0.00530006179,0.0002
pallet_manta_sbt,force_mint_sbt_eth,7628723620000000,0.00762872362,0.0002
pallet_manta_sbt,change_force_account,5299870120000000,0.00529987012,0.0002
pallet_manta_sbt,mint_sbt_eth,7839580440000000,0.00783958044,0.0002
pallet_manta_sbt,change_allowlist_account,5299867290000000,0.00529986729,0.0002
pallet_manta_sbt,update_mint_info,5121193990000000,0.00512119399,0.0002
pallet_manta_sbt,new_mint_info,5082154520000000,0.00508215452,0.0002
pallet_parachain_staking,set_staking_expectations,5450171760000000,0.00545017176,0.0002
pallet_parachain_staking,set_inflation,5090592120000000,0.00509059212,0.0002
pallet_parachain_staking,set_parachain_bond_account,5290175500000000,0.0052901755,0.0002
pallet_parachain_staking,set_parachain_bond_account,5290175500000000,0.0052901755,0.0002
pallet_parachain_staking,set_parachain_bond_reserve_percent,4980161600000000,0.0049801616,0.0002
pallet_parachain_staking,set_total_selected,4980176040000000,0.00498017604,0.0002
pallet_parachain_staking,set_collator_commission,4980327840000000,0.00498032784,0.0002
pallet_parachain_staking,set_blocks_per_round,4980930960000000,0.00498093096,0.0002
pallet_parachain_staking,join_candidates,4998139763540000,0.00499813976354,0.0002
pallet_parachain_staking,schedule_leave_candidates,4981593902010000,0.00498159390201,0.0002
pallet_parachain_staking,execute_leave_candidates,5312616212160000,0.00531261621216,0.0002
pallet_parachain_staking,cancel_leave_candidates,4981557774340000,0.00498155777434,0.0002
pallet_parachain_staking,go_offline,4971503740000000,0.00497150374,0.0002
pallet_parachain_staking,go_offline,4971503740000000,0.00497150374,0.0002
pallet_parachain_staking,candidate_bond_more,4985493190000000,0.00498549319,0.0002
pallet_parachain_staking,schedule_candidate_bond_less,5130230020000000,0.00513023002,0.0002
pallet_parachain_staking,execute_candidate_bond_less,5295584510000000,0.00529558451,0.0002
pallet_parachain_staking,cancel_candidate_bond_less,4970213570000000,0.00497021357,0.0002
pallet_parachain_staking,delegate_1_2_3,5328270435980000,0.00532827043598,0.0002
pallet_parachain_staking,delegate_1_25_3,5328344643410000,0.00532834464341,0.0002
pallet_parachain_staking,delegate_1_2_100,5338430120290000,0.00533843012029,0.0002
pallet_parachain_staking,schedule_leave_delegators,4971539170000000,0.00497153917,0.0002
pallet_parachain_staking,execute_leave_delegators,5313574418140000,0.00531357441814,0.0002
pallet_parachain_staking,cancel_leave_delegators,4971567550000000,0.00497156755,0.0002
pallet_parachain_staking,schedule_revoke_delegation,5291528220000000,0.00529152822,0.0002
pallet_parachain_staking,delegator_bond_more,5308433500000000,0.0053084335,0.0002
pallet_parachain_staking,schedule_delegator_bond_less,5301548340000000,0.00530154834,0.0002
pallet_parachain_staking,execute_delegation_request,5619564930000000,0.00561956493,0.0002
pallet_parachain_staking,cancel_delegation_request,5291593080000000,0.00529159308,0.0002
pallet_scheduler,cancel,5051923674850000,0.00505192367485,0.0002
pallet_scheduler,schedule,5130611020810000,0.00513061102081,0.0002
pallet_scheduler,schedule_named,5531920983690000,0.00553192098369,0.0002
pallet_scheduler,cancel_named,5292205462920000,0.00529220546292,0.0002
pallet_scheduler,schedule_after,5370611020810000,0.00537061102081,0.0002
pallet_scheduler,schedule_named_after,5771920983690000,0.00577192098369,0.0002
pallet_session,set_keys,5942733340000000,0.00594273334,0.0002
pallet_session,purge_keys,4972178010000000,0.00497217801,0.0002
pallet_tx_pause,pause_transaction,5630151710000000,0.00563015171,0.0002
pallet_tx_pause,unpause_transaction,5630169220000000,0.00563016922,0.0002
pallet_tx_pause,pause_transactions,5981603420000000,0.00598160342,0.0002
pallet_tx_pause,unpause_transactions,5981638440000000,0.00598163844,0.0002
pallet_tx_pause,pause_pallets,5711285500000000,0.0057112855,0.0002
pallet_tx_pause,unpause_pallets,5711285500000000,0.0057112855,0.0002
pallet_utility,batch-size=1,5009440951330000,0.00500944095133,0.0002
pallet_utility,batch-size=32,5951726944180000,0.00595172694418,0.0002
pallet_utility,as_derivative,5993051454180000,0.00599305145418,0.0002
pallet_utility,batch_all-size=1,5009428389120000,0.00500942838912,0.0002
pallet_utility,batch_all-size=32,5951324953460000,0.00595132495346,0.0002
pallet_utility,dispatch_as,6311484683460000,0.00631148468346,0.0002
pallet_utility,force_batch,4979056949780000,0.00497905694978,0.0002
pallet_randomness,set_babe_randomness_results,4972597140000000,0.00497259714,0.0002
pallet_name_service,register,5341971690000000,0.00534197169,0.0002
pallet_name_service,accept_register,5341220970000000,0.00534122097,0.0002
pallet_name_service,set_primary_name,5340466210000000,0.00534046621,0.0002
pallet_name_service,cancel_pending_register,5340193150000000,0.00534019315,0.0002
pallet_name_service,remove_register,5340475440000000,0.00534047544,0.0002
pallet_farming,create_farming_pool,6123454400000000,0.0061234544,0.0002
pallet_farming,charge,5785586410000000,0.00578558641,0.0002
pallet_farming,deposit,5366958530000000,0.00536695853,0.0002
pallet_farming,withdraw,5301598800000000,0.0053015988,0.0002
pallet_farming,claim,5131842270000000,0.00513184227,0.0002
pallet_farming,withdraw_claim,5131842270000000,0.00513184227,0.0002
pallet_farming,close_pool,5128700010000000,0.00512870001,0.0002
pallet_farming,set_retire_limit,5008700010000000,0.00500870001,0.0002
pallet_farming,retire_pool,5128700010000000,0.00512870001,0.0002
pallet_farming,reset_pool,6138700010000000,0.00613870001,0.0002
pallet_farming,kill_pool,5128700010000000,0.00512870001,0.0002
pallet_farming,edit_pool,6568700010000000,0.00656870001,0.0002
pallet_farming,gauge_withdraw,5132138870000000,0.00513213887,0.0002
pallet_farming,force_gauge_claim,5128700010000000,0.00512870001,0.0002
pallet_lottery,deposit,5148930542980000,0.00514893054298,0.0002
pallet_lottery,request_withdraw,5143139419240000,0.00514313941924,0.0002
pallet_lottery,claim_my_winnings,4974507401170000,0.00497450740117,0.0002
pallet_lottery,rebalance_stake,4968700000000000,0.0049687,0.0002
pallet_lottery,start_lottery,4972914630000000,0.00497291463,0.0002
pallet_lottery,stop_lottery,4971513650000000,0.00497151365,0.0002
pallet_lottery,draw_lottery,4972494500000000,0.0049724945,0.0002
pallet_lottery,process_matured_withdrawals,4969853700000000,0.0049698537,0.0002
pallet_lottery,liquidate_lottery,4968700000000000,0.0049687,0.0002
pallet_lottery,set_min_deposit,5130129350000000,0.00513012935,0.0002
pallet_lottery,set_min_withdraw,5129795400000000,0.0051297954,0.0002
pallet_lottery,set_gas_reserve,5129764770000000,0.00512976477,0.0002
zenlink_protocol,set_fee_receiver,5300031420000000,0.00530003142,0.0002
zenlink_protocol,set_fee_point,4980026040000000,0.00498002604,0.0002
zenlink_protocol,transfer,5428710000000000,0.00542871,0.0002
zenlink_protocol,transfer,5231781750000000,0.00523178175,0.0002
zenlink_protocol,add_liquidity,5316435970000000,0.00531643597,0.0002
zenlink_protocol,remove_liquidity,5609203290000000,0.00560920329,0.0002
zenlink_protocol,swap_exact_assets_for_assets,5727973630000000,0.00572797363,0.0002
zenlink_protocol,swap_assets_for_exact_assets,5728027170000000,0.00572802717,0.0002
zenlink_protocol,bootstrap_create,6222204460000000,0.00622220446,0.0002
zenlink_protocol,bootstrap_contribute,5287379380000000,0.00528737938,0.0002
zenlink_protocol,bootstrap_claim,5587207160000000,0.00558720716,0.0002
zenlink_protocol,bootstrap_end,5268850700000000,0.0052688507,0.0002
zenlink_protocol,bootstrap_update,6232515640000000,0.00623251564,0.0002
zenlink_protocol,bootstrap_refund,5237096110000000,0.00523709611,0.0002
zenlink_protocol,bootstrap_charge_reward,5819700000000000,0.0058197,0.0002
zenlink_protocol,bootstrap_withdraw_reward,5549700000000000,0.0055497,0.0002
frame_system,remark-length=32,5429272860000000,0.00542927286,0.2
frame_system,remark-length=64,5429272860000000,0.00542927286,0.2
frame_system,set_heap_pages,7490160000000000,0.00749016,0.2
frame_system,set_code,5005298700000000000,5.0052987,0.2
frame_system,set_code_without_checks,5005298700000000000,5.0052987,0.2
frame_system,set_storage,6707011780000000,0.00670701178,0.2
frame_system,kill_storage,7691094480000000,0.00769109448,0.2
frame_system,kill_prefix,14505601860000000,0.01450560186,0.2
frame_system,remark_with_event-length=32,5723857360000000,0.00572385736,0.2
frame_system,remark_with_event-length=64,5723857360000000,0.00572385736,0.2
pallet_treasury,propose_spend,7885320000000000,0.00788532,0.2
pallet_treasury,reject_proposal,7977120000000000,0.00797712,0.2
pallet_treasury,approve_proposal,6729607360000000,0.00672960736,0.2
pallet_treasury,spend,5310860000000000,0.00531086,0.2
pallet_treasury,remove_approval,6328860000000000,0.00632886,0.2
pallet_timestamp,set,6314550000000000,0.00631455,0.2
pallet_preimage,note_preimage-length=32,7895127280000000,0.00789512728,0.2
pallet_preimage,note_preimage-length=32,8226064560000000,0.00822606456,0.2
pallet_preimage,unnote_preimage,7971210000000000,0.00797121,0.2
pallet_preimage,request_preimage,6835800000000000,0.0068358,0.2
pallet_preimage,unrequest_preimage,7830190000000000,0.00783019,0.2
pallet_multisig,as_multi_threshold_1,9626091770000000,0.00962609177,0.2
pallet_multisig,as_multi,8627251760000000,0.00862725176,0.2
pallet_multisig,approve_as_multi,7550789910000000,0.00755078991,0.2
pallet_multisig,cancel_as_multi,7339508640000000,0.00733950864,0.2
pallet_membership,add_member,5798700000000000,0.0057987,0.2
pallet_membership,remove_member,5798700000000000,0.0057987,0.2
pallet_membership,swap_member,6128700000000000,0.0061287,0.2
pallet_membership,reset_members,6118700000000000,0.0061187,0.2
pallet_membership,change_key,5798700000000000,0.0057987,0.2
pallet_membership,set_prime,5798700000000000,0.0057987,0.2
pallet_membership,clear_prime,5468700000000000,0.0054687,0.2
pallet_democracy,propose,9324190000000000,0.00932419,0.2
pallet_democracy,second,6708390000000000,0.00670839,0.2
pallet_democracy,vote,9544050000000000,0.00954405,0.2
pallet_democracy,emergency_cancel,7752830000000000,0.00775283,0.2
pallet_democracy,external_propose,6705800000000000,0.0067058,0.2
pallet_democracy,external_propose_majority,6075420000000000,0.00607542,0.2
pallet_democracy,external_propose_default,6071540000000000,0.00607154,0.2
pallet_democracy,fast_track,9108850000000000,0.00910885,0.2
pallet_democracy,veto_external,8089290000000000,0.00808929,0.2
pallet_democracy,cancel_referendum,6131390000000000,0.00613139,0.2
pallet_democracy,delegate,139831513470000000,0.13983151347,0.2
pallet_democracy,undelegate,136620066490000000,0.13662006649,0.2
pallet_democracy,clear_public_proposals,6024930000000000,0.00602493,0.2
pallet_democracy,unlock,9523037590000000,0.00952303759,0.2
pallet_democracy,remove_vote,7844681420000000,0.00784468142,0.2
pallet_democracy,remove_other_vote,8178614110000000,0.00817861411,0.2
pallet_democracy,blacklist,13491600000000000,0.0134916,0.2
pallet_democracy,cancel_proposal,9488650000000000,0.00948865,0.2
pallet_collective,set_members,142878440880000000,0.14287844088,0.2
pallet_collective,execute,10001578910000000,0.01000157891,0.2
pallet_collective,propose,10551803700000000,0.0105518037,0.2
pallet_collective,vote,7253451780000000,0.00725345178,0.2
pallet_collective,close,10294090400000000,0.0102940904,0.2
pallet_collective,disapprove_proposal,8950975140000000,0.00895097514,0.2
cumulus_pallet_xcmp_queue,service_overweight,5138700640000000,0.00513870064,0.2
cumulus_pallet_xcmp_queue,suspend_xcm_execution,5968700000000000,0.0059687,0.2
cumulus_pallet_xcmp_queue,resume_xcm_execution,5968700000000000,0.0059687,0.2
cumulus_pallet_xcmp_queue,update_suspend_threshold,6336800000000000,0.0063368,0.2
cumulus_pallet_xcmp_queue,update_drop_threshold,6336800000000000,0.0063368,0.2
cumulus_pallet_xcmp_queue,update_resume_threshold,6336800000000000,0.0063368,0.2
cumulus_pallet_xcmp_queue,update_threshold_weight,6375960000000000,0.00637596,0.2
cumulus_pallet_xcmp_queue,update_weight_restrict_decay,6375960000000000,0.00637596,0.2
cumulus_pallet_xcmp_queue,update_xcmp_max_individual_weight,6375960000000000,0.00637596,0.2
orml_xtokens,transfer,5338700000000000,0.0053387,0.2
orml_xtokens,transfer_multiasset,5148700000000000,0.0051487,0.2
orml_xtokens,transfer_with_fee,5498700000000000,0.0054987,0.2
orml_xtokens,transfer_multiasset_with_fee,5288700000000000,0.0052887,0.2
orml_xtokens,transfer_multicurrencies,5718700000000000,0.0057187,0.2
orml_xtokens,transfer_multiassets,5198700000000000,0.0051987,0.2
manta_collator_selection,set_invulnerables,6446767980000000,0.00644676798,0.2
manta_collator_selection,set_desired_candidates,6190970000000000,0.00619097,0.2
manta_collator_selection,set_candidacy_bond,6286160000000000,0.00628616,0.2
manta_collator_selection,register_as_candidate,7887618340000000,0.00788761834,0.2
manta_collator_selection,register_candidate,8209603510000000,0.00820960351,0.2
manta_collator_selection,leave_intent,6700277860000000,0.00670027786,0.2
manta_collator_selection,remove_collator,7293065720000000,0.00729306572,0.2
manta_collator_selection,set_eviction_baseline,6128980000000000,0.00612898,0.2
manta_collator_selection,set_eviction_tolerance,6127520000000000,0.00612752,0.2
pallet_asset_manager,register_asset,12915690000000000,0.01291569,0.2
pallet_asset_manager,update_asset_location,11965350000000000,0.01196535,0.2
pallet_asset_manager,update_asset_metadata,9124120000000000,0.00912412,0.2
pallet_asset_manager,set_units_per_second,6830400000000000,0.0068304,0.2
pallet_asset_manager,mint_asset,9250300000000000,0.0092503,0.2
pallet_asset_manager,set_min_xcm_fee,6493400000000000,0.0064934,0.2
pallet_asset_manager,update_outgoing_filtered_assets,6488710000000000,0.00648871,0.2
pallet_asset_manager,register_lp_asset,13760820000000000,0.01376082,0.2
pallet_assets,create,7083870000000000,0.00708387,0.2
pallet_assets,force_create,6934480000000000,0.00693448,0.2
pallet_assets,start_destroy,6594340000000000,0.00659434,0.2
pallet_assets,destroy_accounts,2666371440000000000,2.66637144,0.2
pallet_assets,destroy_approvals,1337077780000000000,1.33707778,0.2
pallet_assets,finish_destroy,7032450000000000,0.00703245,0.2
pallet_assets,mint,8336570000000000,0.00833657,0.2
pallet_assets,burn,8408210000000000,0.00840821,0.2
pallet_assets,transfer,11055210000000000,0.01105521,0.2
pallet_assets,transfer_keep_alive,10973920000000000,0.01097392,0.2
pallet_assets,force_transfer,11386350000000000,0.01138635,0.2
pallet_assets,freeze,7216560000000000,0.00721656,0.2
pallet_assets,thaw,7235780000000000,0.00723578,0.2
pallet_assets,freeze_asset,6597440000000000,0.00659744,0.2
pallet_assets,thaw_asset,6594930000000000,0.00659493,0.2
pallet_assets,transfer_ownership,7196380000000000,0.00719638,0.2
pallet_assets,set_team,7583360000000000,0.00758336,0.2
pallet_assets,set_metadata,7555068310000000,0.00755506831,0.2
pallet_assets,clear_metadata,6890400000000000,0.0068904,0.2
pallet_assets,force_set_metadata,7571069050000000,0.00757106905,0.2
pallet_assets,force_clear_metadata,6889180000000000,0.00688918,0.2
pallet_assets,force_asset_status,7937670000000000,0.00793767,0.2
pallet_assets,approve_transfer,8254170000000000,0.00825417,0.2
pallet_assets,cancel_approval,8270600000000000,0.0082706,0.2
pallet_assets,force_cancel_approval,8607490000000000,0.00860749,0.2
pallet_assets,transfer_approved,12690580000000000,0.01269058,0.2
pallet_assets,touch,7996570000000000,0.00799657,0.2
pallet_assets,refund,8006570000000000,0.00800657,0.2
pallet_author_inherent,kick_off_authorship_validation,7149000000000000,0.007149,0.2
pallet_balances,transfer-1,7055370000000000,0.00705537,0.2
pallet_balances,transfer-1000_000,7085370000000000,0.00708537,0.2
pallet_balances,set_balance,6866580000000000,0.00686658,0.2
pallet_balances,force_transfer,8618930000000000,0.00861893,0.2
pallet_balances,transfer_keep_alive-1,6921270000000000,0.00692127,0.2
pallet_balances,transfer_keep_alive-1000_000,6951270000000000,0.00695127,0.2
pallet_balances,transfer_all,6957970000000000,0.00695797,0.2
pallet_balances,force_unreserve,6927170000000000,0.00692717,0.2
pallet_manta_pay,to_private,410306980000000000,0.41030698,0.2
pallet_manta_pay,private_transfer,728600900000000000,0.7286009,0.2
pallet_manta_pay,to_public,546245860000000000,0.54624586,0.2
pallet_manta_pay,public_transfer,10180970000000000,0.01018097,0.2
pallet_manta_sbt,to_private,406835250000000000,0.40683525,0.2
pallet_manta_sbt,force_to_private,405405800000000000,0.4054058,0.2
pallet_manta_sbt,reserve_sbt,9540760000000000,0.00954076,0.2
pallet_manta_sbt,allowlist_evm_account,8791460000000000,0.00879146,0.2
pallet_manta_sbt,set_next_sbt_id,6303570000000000,0.00630357,0.2
pallet_manta_sbt,remove_allowlist_evm_account,6391920000000000,0.00639192,0.2
pallet_manta_sbt,change_free_reserve_account,6660490000000000,0.00666049,0.2
pallet_manta_sbt,force_mint_sbt_eth,407252320000000000,0.40725232,0.2
pallet_manta_sbt,change_force_account,6468820000000000,0.00646882,0.2
pallet_manta_sbt,mint_sbt_eth,408319140000000000,0.40831914,0.2
pallet_manta_sbt,change_allowlist_account,6465990000000000,0.00646599,0.2
pallet_manta_sbt,update_mint_info,7612690000000000,0.00761269,0.2
pallet_manta_sbt,new_mint_info,8533220000000000,0.00853322,0.2
pallet_parachain_staking,set_staking_expectations,6920460000000000,0.00692046,0.2
pallet_parachain_staking,set_inflation,6980820000000000,0.00698082,0.2
pallet_parachain_staking,set_parachain_bond_account,6764200000000000,0.0067642,0.2
pallet_parachain_staking,set_parachain_bond_account,6764200000000000,0.0067642,0.2
pallet_parachain_staking,set_parachain_bond_reserve_percent,6440300000000000,0.0064403,0.2
pallet_parachain_staking,set_total_selected,6454740000000000,0.00645474,0.2
pallet_parachain_staking,set_collator_commission,6606540000000000,0.00660654,0.2
pallet_parachain_staking,set_blocks_per_round,7209660000000000,0.00720966,0.2
pallet_parachain_staking,join_candidates,14428463540000000,0.01442846354,0.2
pallet_parachain_staking,schedule_leave_candidates,7872602010000000,0.00787260201,0.2
pallet_parachain_staking,execute_leave_candidates,19214912160000000,0.01921491216,0.2
pallet_parachain_staking,cancel_leave_candidates,7836474340000000,0.00783647434,0.2
pallet_parachain_staking,go_offline,7772440000000000,0.00777244,0.2
pallet_parachain_staking,go_offline,7772440000000000,0.00777244,0.2
pallet_parachain_staking,candidate_bond_more,11771890000000000,0.01177189,0.2
pallet_parachain_staking,schedule_candidate_bond_less,6658720000000000,0.00665872,0.2
pallet_parachain_staking,execute_candidate_bond_less,12173210000000000,0.01217321,0.2
pallet_parachain_staking,cancel_candidate_bond_less,6482270000000000,0.00648227,0.2
pallet_parachain_staking,delegate_1_2_3,14889135980000000,0.01488913598,0.2
pallet_parachain_staking,delegate_1_25_3,14963343410000000,0.01496334341,0.2
pallet_parachain_staking,delegate_1_2_100,15058820290000000,0.01505882029,0.2
pallet_parachain_staking,schedule_leave_delegators,7807870000000000,0.00780787,0.2
pallet_parachain_staking,execute_leave_delegators,20173118140000000,0.02017311814,0.2
pallet_parachain_staking,cancel_leave_delegators,7836250000000000,0.00783625,0.2
pallet_parachain_staking,schedule_revoke_delegation,8116920000000000,0.00811692,0.2
pallet_parachain_staking,delegator_bond_more,15032200000000000,0.0150322,0.2
pallet_parachain_staking,schedule_delegator_bond_less,8147040000000000,0.00814704,0.2
pallet_parachain_staking,execute_delegation_request,16473630000000000,0.01647363,0.2
pallet_parachain_staking,cancel_delegation_request,8181780000000000,0.00818178,0.2
pallet_scheduler,cancel,8272374850000000,0.00827237485,0.2
pallet_scheduler,schedule,7039720810000000,0.00703972081,0.2
pallet_scheduler,schedule_named,8749683690000000,0.00874968369,0.2
pallet_scheduler,cancel_named,8794162920000000,0.00879416292,0.2
pallet_scheduler,schedule_after,7279720810000000,0.00727972081,0.2
pallet_scheduler,schedule_named_after,8989683690000000,0.00898968369,0.2
pallet_session,set_keys,9972040000000000,0.00997204,0.2
pallet_session,purge_keys,8446710000000000,0.00844671,0.2
pallet_tx_pause,pause_transaction,7080410000000000,0.00708041,0.2
pallet_tx_pause,unpause_transaction,7097920000000000,0.00709792,0.2
pallet_tx_pause,pause_transactions,8882120000000000,0.00888212,0.2
pallet_tx_pause,unpause_transactions,8917140000000000,0.00891714,0.2
pallet_tx_pause,pause_pallets,78224200000000000,0.0782242,0.2
pallet_tx_pause,unpause_pallets,78224200000000000,0.0782242,0.2
pallet_utility,batch-size=1,5749651330000000,0.00574965133,0.2
pallet_utility,batch-size=32,18965644180000000,0.01896564418,0.2
pallet_utility,as_derivative,20330154180000000,0.02033015418,0.2
pallet_utility,batch_all-size=1,5737089120000000,0.00573708912,0.2
pallet_utility,batch_all-size=32,18563653460000000,0.01856365346,0.2
pallet_utility,dispatch_as,19083383460000000,0.01908338346,0.2
pallet_utility,force_batch,5335649780000000,0.00533564978,0.2
pallet_randomness,set_babe_randomness_results,8865840000000000,0.00886584,0.2
pallet_name_service,register,8610390000000000,0.00861039,0.2
pallet_name_service,accept_register,7859670000000000,0.00785967,0.2
pallet_name_service,set_primary_name,7104910000000000,0.00710491,0.2
pallet_name_service,cancel_pending_register,6831850000000000,0.00683185,0.2
pallet_name_service,remove_register,7114140000000000,0.00711414,0.2
pallet_farming,create_farming_pool,10873100000000000,0.0108731,0.2
pallet_farming,charge,12665110000000000,0.01266511,0.2
pallet_farming,deposit,13617230000000000,0.01361723,0.2
pallet_farming,withdraw,8197500000000000,0.0081975,0.2
pallet_farming,claim,8270970000000000,0.00827097,0.2
pallet_farming,withdraw_claim,8270970000000000,0.00827097,0.2
pallet_farming,close_pool,5128710000000000,0.00512871,0.2
pallet_farming,set_retire_limit,5008710000000000,0.00500871,0.2
pallet_farming,retire_pool,5128710000000000,0.00512871,0.2
pallet_farming,reset_pool,6138710000000000,0.00613871,0.2
pallet_farming,kill_pool,5128710000000000,0.00512871,0.2
pallet_farming,edit_pool,6568710000000000,0.00656871,0.2
pallet_farming,gauge_withdraw,8567570000000000,0.00856757,0.2
pallet_farming,force_gauge_claim,5128710000000000,0.00512871,0.2
pallet_lottery,deposit,25359242980000000,0.02535924298,0.2
pallet_lottery,request_withdraw,19568119240000000,0.01956811924,0.2
pallet_lottery,claim_my_winnings,10776101170000000,0.01077610117,0.2
pallet_lottery,rebalance_stake,4968700000000000,0.0049687,0.2
pallet_lottery,start_lottery,9183330000000000,0.00918333,0.2
pallet_lottery,stop_lottery,7782350000000000,0.00778235,0.2
pallet_lottery,draw_lottery,8763200000000000,0.0087632,0.2
pallet_lottery,process_matured_withdrawals,6122400000000000,0.0061224,0.2
pallet_lottery,liquidate_lottery,4968700000000000,0.0049687,0.2
pallet_lottery,set_min_deposit,6558050000000000,0.00655805,0.2
pallet_lottery,set_min_withdraw,6224100000000000,0.0062241,0.2
pallet_lottery,set_gas_reserve,6193470000000000,0.00619347,0.2
zenlink_protocol,set_fee_receiver,6630120000000000,0.00663012,0.2
zenlink_protocol,set_fee_point,6304740000000000,0.00630474,0.2
zenlink_protocol,transfer,5438700000000000,0.0054387,0.2
zenlink_protocol,transfer,8310450000000000,0.00831045,0.2
zenlink_protocol,add_liquidity,43014670000000000,0.04301467,0.2
zenlink_protocol,remove_liquidity,26091990000000000,0.02609199,0.2
zenlink_protocol,swap_exact_assets_for_assets,14992330000000000,0.01499233,0.2
zenlink_protocol,swap_assets_for_exact_assets,15045870000000000,0.01504587,0.2
zenlink_protocol,bootstrap_create,9723160000000000,0.00972316,0.2
zenlink_protocol,bootstrap_contribute,13958080000000000,0.01395808,0.2
zenlink_protocol,bootstrap_claim,34065860000000000,0.03406586,0.2
zenlink_protocol,bootstrap_end,45379400000000000,0.0453794,0.2
zenlink_protocol,bootstrap_update,10044340000000000,0.01004434,0.2
zenlink_protocol,bootstrap_refund,13624810000000000,0.01362481,0.2
zenlink_protocol,bootstrap_charge_reward,6818700000000000,0.0068187,0.2
zenlink_protocol,bootstrap_withdraw_reward,6548700000000000,0.0065487,0.2
frame_system,remark-length=32,5951564300000000,0.0059515643,1
frame_system,remark-length=64,5951564300000000,0.0059515643,1
frame_system,set_heap_pages,17256000000000000,0.017256,1
frame_system,set_code,25005298700000000000,25.0052987,1
frame_system,set_code_without_checks,25005298700000000000,25.0052987,1
frame_system,set_storage,10980258900000000,0.0109802589,1
frame_system,kill_storage,15900672400000000,0.0159006724,1
frame_system,kill_prefix,51173209300000000,0.0511732093,1
frame_system,remark_with_event-length=32,7424486800000000,0.0074244868,1
frame_system,remark_with_event-length=64,7424486800000000,0.0074244868,1
pallet_treasury,propose_spend,18191800000000000,0.0181918,1
pallet_treasury,reject_proposal,19970800000000000,0.0199708,1
pallet_treasury,approve_proposal,13733236800000000,0.0137332368,1
pallet_treasury,spend,5319500000000000,0.0053195,1
pallet_treasury,remove_approval,11729500000000000,0.0117295,1
pallet_timestamp,set,11657950000000000,0.01165795,1
pallet_preimage,note_preimage-length=32,18280836400000000,0.0182808364,1
pallet_preimage,note_preimage-length=32,18615522800000000,0.0186155228,1
pallet_preimage,unnote_preimage,18701250000000000,0.01870125,1
pallet_preimage,request_preimage,13024200000000000,0.0130242,1
pallet_preimage,unrequest_preimage,17996150000000000,0.01799615,1
pallet_multisig,as_multi_threshold_1,25575658850000000,0.02557565885,1
pallet_multisig,as_multi,20381458800000000,0.0203814588,1
pallet_multisig,approve_as_multi,15079149550000000,0.01507914955,1
pallet_multisig,cancel_as_multi,13822743200000000,0.0138227432,1
pallet_membership,add_member,7798700000000000,0.0077987,1
pallet_membership,remove_member,7798700000000000,0.0077987,1
pallet_membership,swap_member,8128700000000000,0.0081287,1
pallet_membership,reset_members,8118700000000000,0.0081187,1
pallet_membership,change_key,7798700000000000,0.0077987,1
pallet_membership,set_prime,7798700000000000,0.0077987,1
pallet_membership,clear_prime,7468700000000000,0.0074687,1
pallet_democracy,propose,26506150000000000,0.02650615,1
pallet_democracy,second,13627150000000000,0.01362715,1
pallet_democracy,vote,27085450000000000,0.02708545,1
pallet_democracy,emergency_cancel,18729350000000000,0.01872935,1
pallet_democracy,external_propose,13454200000000000,0.0134542,1
pallet_democracy,external_propose_majority,10302300000000000,0.0103023,1
pallet_democracy,external_propose_default,10282900000000000,0.0102829,1
pallet_democracy,fast_track,24069450000000000,0.02406945,1
pallet_democracy,veto_external,19291650000000000,0.01929165,1
pallet_democracy,cancel_referendum,10742150000000000,0.01074215,1
pallet_democracy,delegate,677282767350000000,0.67728276735,1
pallet_democracy,undelegate,663225532450000000,0.66322553245,1
pallet_democracy,clear_public_proposals,10249850000000000,0.01024985,1
pallet_democracy,unlock,26420387950000000,0.02642038795,1
pallet_democracy,remove_vote,19188607100000000,0.0191886071,1
pallet_democracy,remove_other_vote,19538270550000000,0.01953827055,1
pallet_democracy,blacklist,46103200000000000,0.0461032,1
pallet_democracy,cancel_proposal,27528450000000000,0.02752845,1
pallet_collective,set_members,690437404400000000,0.6904374044,1
pallet_collective,execute,29973094550000000,0.02997309455,1
pallet_collective,propose,32684218500000000,0.0326842185,1
pallet_collective,vote,15032458900000000,0.0150324589,1
pallet_collective,close,30155652000000000,0.030155652,1
pallet_collective,disapprove_proposal,23600075700000000,0.0236000757,1
cumulus_pallet_xcmp_queue,service_overweight,5178703200000000,0.0051787032,1
cumulus_pallet_xcmp_queue,suspend_xcm_execution,9968700000000000,0.0099687,1
cumulus_pallet_xcmp_queue,resume_xcm_execution,9968700000000000,0.0099687,1
cumulus_pallet_xcmp_queue,update_suspend_threshold,11649200000000000,0.0116492,1
cumulus_pallet_xcmp_queue,update_drop_threshold,11649200000000000,0.0116492,1
cumulus_pallet_xcmp_queue,update_resume_threshold,11649200000000000,0.0116492,1
cumulus_pallet_xcmp_queue,update_threshold_weight,11685000000000000,0.011685,1
cumulus_pallet_xcmp_queue,update_weight_restrict_decay,11685000000000000,0.011685,1
cumulus_pallet_xcmp_queue,update_xcmp_max_individual_weight,11685000000000000,0.011685,1
orml_xtokens,transfer,5338700000000000,0.0053387,1
orml_xtokens,transfer_multiasset,5148700000000000,0.0051487,1
orml_xtokens,transfer_with_fee,5498700000000000,0.0054987,1
orml_xtokens,transfer_multiasset_with_fee,5288700000000000,0.0052887,1
orml_xtokens,transfer_multicurrencies,5718700000000000,0.0057187,1
orml_xtokens,transfer_multiassets,5198700000000000,0.0051987,1
manta_collator_selection,set_invulnerables,11039039900000000,0.0110390399,1
manta_collator_selection,set_desired_candidates,10920050000000000,0.01092005,1
manta_collator_selection,set_candidacy_bond,10916000000000000,0.010916,1
manta_collator_selection,register_as_candidate,19563291700000000,0.0195632917,1
manta_collator_selection,register_candidate,19893217550000000,0.01989321755,1
manta_collator_selection,leave_intent,13626589300000000,0.0136265893,1
manta_collator_selection,remove_collator,15310528600000000,0.0153105286,1
manta_collator_selection,set_eviction_baseline,10730100000000000,0.0107301,1
manta_collator_selection,set_eviction_tolerance,10722800000000000,0.0107228,1
pallet_asset_manager,register_asset,43343650000000000,0.04334365,1
pallet_asset_manager,update_asset_location,39791950000000000,0.03979195,1
pallet_asset_manager,update_asset_metadata,23865800000000000,0.0238658,1
pallet_asset_manager,set_units_per_second,14197200000000000,0.0141972,1
pallet_asset_manager,mint_asset,24416700000000000,0.0244167,1
pallet_asset_manager,set_min_xcm_fee,12432200000000000,0.0124322,1
pallet_asset_manager,update_outgoing_filtered_assets,12408750000000000,0.01240875,1
pallet_asset_manager,register_lp_asset,46409300000000000,0.0464093,1
pallet_assets,create,12944550000000000,0.01294455,1
pallet_assets,force_create,12757600000000000,0.0127576,1
pallet_assets,start_destroy,12456900000000000,0.0124569,1
pallet_assets,destroy_accounts,13311342400000000000,13.3113424,1
pallet_assets,destroy_approvals,6664874100000000000,6.6648741,1
pallet_assets,finish_destroy,14647450000000000,0.01464745,1
pallet_assets,mint,19808050000000000,0.01980805,1
pallet_assets,burn,20166250000000000,0.02016625,1
pallet_assets,transfer,33401250000000000,0.03340125,1
pallet_assets,transfer_keep_alive,32994800000000000,0.0329948,1
pallet_assets,force_transfer,33736950000000000,0.03373695,1
pallet_assets,freeze,14248000000000000,0.014248,1
pallet_assets,thaw,14344100000000000,0.0143441,1
pallet_assets,freeze_asset,12472400000000000,0.0124724,1
pallet_assets,thaw_asset,12459850000000000,0.01245985,1
pallet_assets,transfer_ownership,14147100000000000,0.0141471,1
pallet_assets,set_team,13442000000000000,0.013442,1
pallet_assets,set_metadata,14580541550000000,0.01458054155,1
pallet_assets,clear_metadata,13937200000000000,0.0139372,1
pallet_assets,force_set_metadata,14620545250000000,0.01462054525,1
pallet_assets,force_clear_metadata,13931100000000000,0.0139311,1
pallet_assets,force_asset_status,13773550000000000,0.01377355,1
pallet_assets,approve_transfer,19396050000000000,0.01939605,1
pallet_assets,cancel_approval,19518200000000000,0.0195182,1
pallet_assets,force_cancel_approval,19882650000000000,0.01988265,1
pallet_assets,transfer_approved,40258100000000000,0.0402581,1
pallet_assets,touch,19468050000000000,0.01946805,1
pallet_assets,refund,19478050000000000,0.01947805,1
pallet_author_inherent,kick_off_authorship_validation,15870200000000000,0.0158702,1
pallet_balances,transfer-1,14042050000000000,0.01404205,1
pallet_balances,transfer-1000_000,14072050000000000,0.01407205,1
pallet_balances,set_balance,13058100000000000,0.0130581,1
pallet_balances,force_transfer,20539850000000000,0.02053985,1
pallet_balances,transfer_keep_alive-1,13371550000000000,0.01337155,1
pallet_balances,transfer_keep_alive-1000_000,13401550000000000,0.01340155,1
pallet_balances,transfer_all,13555050000000000,0.01355505,1
pallet_balances,force_unreserve,12801050000000000,0.01280105,1
pallet_manta_pay,to_private,2026260100000000000,2.0262601,1
pallet_manta_pay,private_transfer,3617729700000000000,3.6177297,1
pallet_manta_pay,to_public,2705954500000000000,2.7059545,1
pallet_manta_pay,public_transfer,27830050000000000,0.02783005,1
pallet_manta_sbt,to_private,2008741450000000000,2.00874145,1
pallet_manta_sbt,force_to_private,2000274200000000000,2.0002742,1
pallet_manta_sbt,reserve_sbt,27789000000000000,0.027789,1
pallet_manta_sbt,allowlist_evm_account,23122500000000000,0.0231225,1
pallet_manta_sbt,set_next_sbt_id,10963050000000000,0.01096305,1
pallet_manta_sbt,remove_allowlist_evm_account,11124800000000000,0.0111248,1
pallet_manta_sbt,change_free_reserve_account,12107650000000000,0.01210765,1
pallet_manta_sbt,force_mint_sbt_eth,2007346800000000000,2.0073468,1
pallet_manta_sbt,change_force_account,11149300000000000,0.0111493,1
pallet_manta_sbt,mint_sbt_eth,2011840900000000000,2.0118409,1
pallet_manta_sbt,change_allowlist_account,11135150000000000,0.01113515,1
pallet_manta_sbt,update_mint_info,17588650000000000,0.01758865,1
pallet_manta_sbt,new_mint_info,22351300000000000,0.0223513,1
pallet_parachain_staking,set_staking_expectations,12807500000000000,0.0128075,1
pallet_parachain_staking,set_inflation,14549300000000000,0.0145493,1
pallet_parachain_staking,set_parachain_bond_account,12666200000000000,0.0126662,1
pallet_parachain_staking,set_parachain_bond_account,12666200000000000,0.0126662,1
pallet_parachain_staking,set_parachain_bond_reserve_percent,12286700000000000,0.0122867,1
pallet_parachain_staking,set_total_selected,12358900000000000,0.0123589,1
pallet_parachain_staking,set_collator_commission,13117900000000000,0.0131179,1
pallet_parachain_staking,set_blocks_per_round,16133500000000000,0.0161335,1
pallet_parachain_staking,join_candidates,52187517700000000,0.0521875177,1
pallet_parachain_staking,schedule_leave_candidates,19448210050000000,0.01944821005,1
pallet_parachain_staking,execute_leave_candidates,74879760800000000,0.0748797608,1
pallet_parachain_staking,cancel_leave_candidates,19267571700000000,0.0192675717,1
pallet_parachain_staking,go_offline,18987400000000000,0.0189874,1
pallet_parachain_staking,go_offline,18987400000000000,0.0189874,1
pallet_parachain_staking,candidate_bond_more,38944650000000000,0.03894465,1
pallet_parachain_staking,schedule_candidate_bond_less,12778800000000000,0.0127788,1
pallet_parachain_staking,execute_candidate_bond_less,39711250000000000,0.03971125,1
pallet_parachain_staking,cancel_candidate_bond_less,12536550000000000,0.01253655,1
pallet_parachain_staking,delegate_1_2_3,53170879900000000,0.0531708799,1
pallet_parachain_staking,delegate_1_25_3,53541917050000000,0.05354191705,1
pallet_parachain_staking,delegate_1_2_100,53979301450000000,0.05397930145,1
pallet_parachain_staking,schedule_leave_delegators,19164550000000000,0.01916455,1
pallet_parachain_staking,execute_leave_delegators,79670790700000000,0.0796707907,1
pallet_parachain_staking,cancel_leave_delegators,19306450000000000,0.01930645,1
pallet_parachain_staking,schedule_revoke_delegation,19429800000000000,0.0194298,1
pallet_parachain_staking,delegator_bond_more,53966200000000000,0.0539662,1
pallet_parachain_staking,schedule_delegator_bond_less,19540400000000000,0.0195404,1
pallet_parachain_staking,execute_delegation_request,59933350000000000,0.05993335,1
pallet_parachain_staking,cancel_delegation_request,19754100000000000,0.0197541,1
pallet_scheduler,cancel,21167074250000000,0.02116707425,1
pallet_scheduler,schedule,14683804050000000,0.01468380405,1
pallet_scheduler,schedule_named,21633618450000000,0.02163361845,1
pallet_scheduler,cancel_named,22816014600000000,0.0228160146,1
pallet_scheduler,schedule_after,14923804050000000,0.01492380405,1
pallet_scheduler,schedule_named_after,21873618450000000,0.02187361845,1
pallet_session,set_keys,26105400000000000,0.0261054,1
pallet_session,purge_keys,22358750000000000,0.02235875,1
pallet_tx_pause,pause_transaction,12887250000000000,0.01288725,1
pallet_tx_pause,unpause_transaction,12974800000000000,0.0129748,1
pallet_tx_pause,pause_transactions,20495800000000000,0.0204958,1
pallet_tx_pause,unpause_transactions,20670900000000000,0.0206709,1
pallet_tx_pause,pause_pallets,368566200000000000,0.3685662,1
pallet_tx_pause,unpause_pallets,368566200000000000,0.3685662,1
pallet_utility,batch-size=1,8713456650000000,0.00871345665,1
pallet_utility,batch-size=32,71073420900000000,0.0710734209,1
pallet_utility,as_derivative,77735970900000000,0.0777359709,1
pallet_utility,batch_all-size=1,8650645600000000,0.0086506456,1
pallet_utility,batch_all-size=32,69063467300000000,0.0690634673,1
pallet_utility,dispatch_as,70222117300000000,0.0702221173,1
pallet_utility,force_batch,6763448900000000,0.0067634489,1
pallet_randomness,set_babe_randomness_results,24454400000000000,0.0244544,1
pallet_name_service,register,21697150000000000,0.02169715,1
pallet_name_service,accept_register,17943550000000000,0.01794355,1
pallet_name_service,set_primary_name,14169750000000000,0.01416975,1
pallet_name_service,cancel_pending_register,12804450000000000,0.01280445,1
pallet_name_service,remove_register,14215900000000000,0.0142159,1
pallet_farming,create_farming_pool,29890700000000000,0.0298907,1
pallet_farming,charge,40210750000000000,0.04021075,1
pallet_farming,deposit,46651350000000000,0.04665135,1
pallet_farming,withdraw,19792700000000000,0.0197927,1
pallet_farming,claim,20840050000000000,0.02084005,1
pallet_farming,withdraw_claim,20840050000000000,0.02084005,1
pallet_farming,close_pool,5128750000000000,0.00512875,1
pallet_farming,set_retire_limit,5008750000000000,0.00500875,1
pallet_farming,retire_pool,5128750000000000,0.00512875,1
pallet_farming,reset_pool,6138750000000000,0.00613875,1
pallet_farming,kill_pool,5128750000000000,0.00512875,1
pallet_farming,edit_pool,6568750000000000,0.00656875,1
pallet_farming,gauge_withdraw,22323050000000000,0.02232305,1
pallet_farming,force_gauge_claim,5128750000000000,0.00512875,1
pallet_lottery,deposit,106281414900000000,0.1062814149,1
pallet_lottery,request_withdraw,77325796200000000,0.0773257962,1
pallet_lottery,claim_my_winnings,34005705850000000,0.03400570585,1
pallet_lottery,rebalance_stake,4968700000000000,0.0049687,1
pallet_lottery,start_lottery,26041850000000000,0.02604185,1
pallet_lottery,stop_lottery,19036950000000000,0.01903695,1
pallet_lottery,draw_lottery,23941200000000000,0.0239412,1
pallet_lottery,process_matured_withdrawals,10737200000000000,0.0107372,1
pallet_lottery,liquidate_lottery,4968700000000000,0.0049687,1
pallet_lottery,set_min_deposit,12275450000000000,0.01227545,1
pallet_lottery,set_min_withdraw,10605700000000000,0.0106057,1
pallet_lottery,set_gas_reserve,10452550000000000,0.01045255,1
zenlink_protocol,set_fee_receiver,11955800000000000,0.0119558,1
zenlink_protocol,set_fee_point,11608900000000000,0.0116089,1
zenlink_protocol,transfer,5478700000000000,0.0054787,1
zenlink_protocol,transfer,20637450000000000,0.02063745,1
zenlink_protocol,add_liquidity,193958550000000000,0.19395855,1
zenlink_protocol,remove_liquidity,108105150000000000,0.10810515,1
zenlink_protocol,swap_exact_assets_for_assets,52086850000000000,0.05208685,1
zenlink_protocol,swap_assets_for_exact_assets,52354550000000000,0.05235455,1
zenlink_protocol,bootstrap_create,23741000000000000,0.023741,1
zenlink_protocol,bootstrap_contribute,48675600000000000,0.0486756,1
zenlink_protocol,bootstrap_claim,148094500000000000,0.1480945,1
zenlink_protocol,bootstrap_end,205982200000000000,0.2059822,1
zenlink_protocol,bootstrap_update,25306900000000000,0.0253069,1
zenlink_protocol,bootstrap_refund,47209250000000000,0.04720925,1
zenlink_protocol,bootstrap_charge_reward,10818700000000000,0.0108187,1
zenlink_protocol,bootstrap_withdraw_reward,10548700000000000,0.0105487,1
